[
  {
    "id": 1,
    "prefecture": "宮城県",
    "city": "仙台市青葉区",
    "address": "宮城県仙台市青葉区本町１丁目９番１０号",
    "postal": "980-0014",
    "lat": 38.265396,
    "lng": 140.876907
  },
  {
    "id": 2,
    "prefecture": "山形県",
    "city": "酒田市",
    "address": "山形県酒田市安田字大平１４７番地",
    "postal": "999-8151",
    "lat": 38.947613,
    "lng": 139.89653
  },
  {
    "id": 3,
    "prefecture": "山形県",
    "city": "東田川郡庄内町",
    "address": "山形県東田川郡庄内町肝煎字宮ノ前４８番地",
    "postal": "999-6607",
    "lat": 38.743172,
    "lng": 140.006577
  },
  {
    "id": 4,
    "prefecture": "山形県",
    "city": "東村山郡中山町",
    "address": "山形県東村山郡中山町大字長崎３２５番地",
    "postal": "990-0401",
    "lat": 38.334709,
    "lng": 140.275925
  },
  {
    "id": 5,
    "prefecture": "福島県",
    "city": "岩瀬郡天栄村",
    "address": "福島県岩瀬郡天栄村大字湯本字居平５０番地",
    "postal": "962-0621",
    "lat": 37.264076,
    "lng": 139.995102
  },
  {
    "id": 6,
    "prefecture": "福島県",
    "city": "福島市",
    "address": "福島県福島市黒岩字上ノ町４３番地",
    "postal": "960-8153",
    "lat": 37.721733,
    "lng": 140.469589
  },
  {
    "id": 7,
    "prefecture": "福島県",
    "city": "白河市",
    "address": "福島県白河市関辺関山１番地",
    "postal": "961-0021",
    "lat": 37.076077,
    "lng": 140.244461
  },
  {
    "id": 8,
    "prefecture": "福島県",
    "city": "須賀川市",
    "address": "福島県須賀川市守屋字里９８番地",
    "postal": "962-0305",
    "lat": 37.346527,
    "lng": 140.205383
  },
  {
    "id": 9,
    "prefecture": "茨城県",
    "city": "桜川市",
    "address": "茨城県桜川市西飯岡１２０４番地",
    "postal": "309-1221",
    "lat": 36.371773,
    "lng": 140.073578
  },
  {
    "id": 10,
    "prefecture": "茨城県",
    "city": "龍ケ崎市",
    "address": "茨城県龍ケ崎市宮渕町６４番地",
    "postal": "301-0811",
    "lat": 35.895512,
    "lng": 140.223221
  },
  {
    "id": 11,
    "prefecture": "茨城県",
    "city": "龍ケ崎市",
    "address": "茨城県龍ケ崎市半田町９９３番地",
    "postal": "301-0806",
    "lat": 35.924046,
    "lng": 140.236694
  },
  {
    "id": 12,
    "prefecture": "茨城県",
    "city": "下妻市",
    "address": "茨城県下妻市中居指２２５番地",
    "postal": "304-0054",
    "lat": 36.181301,
    "lng": 139.939789
  },
  {
    "id": 13,
    "prefecture": "茨城県",
    "city": "稲敷市",
    "address": "茨城県稲敷市阿波崎１７７番地",
    "postal": "300-0602",
    "lat": 35.947659,
    "lng": 140.415695
  },
  {
    "id": 14,
    "prefecture": "栃木県",
    "city": "小山市",
    "address": "栃木県小山市大字立木９５６番地",
    "postal": "323-0062",
    "lat": 36.330185,
    "lng": 139.783569
  },
  {
    "id": 15,
    "prefecture": "栃木県",
    "city": "佐野市",
    "address": "栃木県佐野市赤見町３２２３番地",
    "postal": "327-0104",
    "lat": 36.353367,
    "lng": 139.538879
  },
  {
    "id": 16,
    "prefecture": "栃木県",
    "city": "河内郡上三川町",
    "address": "栃木県河内郡上三川町大字東汗１１０５番地",
    "postal": "329-0602",
    "lat": 36.471661,
    "lng": 139.945267
  },
  {
    "id": 17,
    "prefecture": "栃木県",
    "city": "下都賀郡野木町",
    "address": "栃木県下都賀郡野木町大字野木２０２９番地",
    "postal": "329-0114",
    "lat": 36.217503,
    "lng": 139.712357
  },
  {
    "id": 18,
    "prefecture": "栃木県",
    "city": "栃木市",
    "address": "栃木県栃木市出流町２８８番地",
    "postal": "328-0206",
    "lat": 36.473671,
    "lng": 139.58699
  },
  {
    "id": 19,
    "prefecture": "群馬県",
    "city": "高崎市",
    "address": "群馬県高崎市我峰町３５２番地",
    "postal": "370-0085",
    "lat": 36.355278,
    "lng": 138.961411
  },
  {
    "id": 20,
    "prefecture": "群馬県",
    "city": "富岡市",
    "address": "群馬県富岡市富岡１３９６番地",
    "postal": "370-2316",
    "lat": 36.256741,
    "lng": 138.895035
  },
  {
    "id": 21,
    "prefecture": "埼玉県",
    "city": "比企郡鳩山町",
    "address": "埼玉県比企郡鳩山町大字熊井８００番地",
    "postal": "350-0303",
    "lat": 35.990814,
    "lng": 139.307724
  },
  {
    "id": 22,
    "prefecture": "埼玉県",
    "city": "入間郡毛呂山町",
    "address": "埼玉県入間郡毛呂山町大字市場２３９番地",
    "postal": "350-0434",
    "lat": 35.938816,
    "lng": 139.34938
  },
  {
    "id": 23,
    "prefecture": "埼玉県",
    "city": "和光市",
    "address": "埼玉県和光市新倉３丁目８番２５号",
    "postal": "351-0115",
    "lat": 35.795208,
    "lng": 139.626541
  },
  {
    "id": 24,
    "prefecture": "埼玉県",
    "city": "鴻巣市",
    "address": "埼玉県鴻巣市箕田１３４５番地",
    "postal": "365-0062",
    "lat": 36.08136,
    "lng": 139.480484
  },
  {
    "id": 25,
    "prefecture": "千葉県",
    "city": "柏市",
    "address": "千葉県柏市南逆井６丁目３番１９号",
    "postal": "277-0043",
    "lat": 35.806065,
    "lng": 139.975632
  },
  {
    "id": 26,
    "prefecture": "千葉県",
    "city": "銚子市",
    "address": "千葉県銚子市天王台９８２２番地１",
    "postal": "288-0024",
    "lat": 35.70615,
    "lng": 140.856476
  },
  {
    "id": 27,
    "prefecture": "千葉県",
    "city": "南房総市",
    "address": "千葉県南房総市白浜町白浜３２２５番地",
    "postal": "295-0102",
    "lat": 34.917847,
    "lng": 139.899963
  },
  {
    "id": 28,
    "prefecture": "東京都",
    "city": "足立区",
    "address": "東京都足立区栗原３丁目６番６号",
    "postal": "123-0842",
    "lat": 35.778297,
    "lng": 139.78511
  },
  {
    "id": 29,
    "prefecture": "東京都",
    "city": "世田谷区",
    "address": "東京都世田谷区等々力３丁目１５番１号",
    "postal": "158-0082",
    "lat": 35.609882,
    "lng": 139.650299
  },
  {
    "id": 30,
    "prefecture": "神奈川県",
    "city": "横浜市青葉区",
    "address": "神奈川県横浜市青葉区あざみ野４丁目２７番地６",
    "postal": "225-0011",
    "lat": 35.574593,
    "lng": 139.546494
  },
  {
    "id": 31,
    "prefecture": "神奈川県",
    "city": "平塚市",
    "address": "神奈川県平塚市岡崎３４６番地",
    "postal": "259-1212",
    "lat": 35.368176,
    "lng": 139.312637
  },
  {
    "id": 32,
    "prefecture": "神奈川県",
    "city": "横須賀市",
    "address": "神奈川県横須賀市岩戸１丁目４番９号",
    "postal": "239-0844",
    "lat": 35.234219,
    "lng": 139.674973
  },
  {
    "id": 33,
    "prefecture": "新潟県",
    "city": "新潟市秋葉区",
    "address": "新潟県新潟市秋葉区満願寺３３５２番地",
    "postal": "956-0811",
    "lat": 37.820969,
    "lng": 139.149704
  },
  {
    "id": 34,
    "prefecture": "新潟県",
    "city": "村上市",
    "address": "新潟県村上市大毎２８８番地甲",
    "postal": "959-3926",
    "lat": 38.42767,
    "lng": 139.58873
  },
  {
    "id": 35,
    "prefecture": "新潟県",
    "city": "柏崎市",
    "address": "新潟県柏崎市大字南下１９９７番地",
    "postal": "945-1112",
    "lat": 37.319374,
    "lng": 138.583939
  },
  {
    "id": 36,
    "prefecture": "新潟県",
    "city": "南魚沼市",
    "address": "新潟県南魚沼市長森８４７番地",
    "postal": "949-7112",
    "lat": 37.104786,
    "lng": 138.934875
  },
  {
    "id": 37,
    "prefecture": "福井県",
    "city": "三方郡美浜町",
    "address": "福井県三方郡美浜町山上第４７号８番地",
    "postal": "919-1207",
    "lat": 35.613613,
    "lng": 135.972366
  },
  {
    "id": 38,
    "prefecture": "福井県",
    "city": "鯖江市",
    "address": "福井県鯖江市松成町４号２４番地",
    "postal": "916-1118",
    "lat": 35.957989,
    "lng": 136.222946
  },
  {
    "id": 39,
    "prefecture": "山梨県",
    "city": "甲府市",
    "address": "山梨県甲府市上曽根町２５４８番地",
    "postal": "400-1501",
    "lat": 35.598724,
    "lng": 138.592819
  },
  {
    "id": 40,
    "prefecture": "山梨県",
    "city": "笛吹市",
    "address": "山梨県笛吹市一宮町竹原田１２６３番地",
    "postal": "405-0076",
    "lat": 35.648121,
    "lng": 138.671906
  },
  {
    "id": 41,
    "prefecture": "長野県",
    "city": "上田市",
    "address": "長野県上田市山田１０９３番地",
    "postal": "386-1432",
    "lat": 36.348328,
    "lng": 138.169418
  },
  {
    "id": 42,
    "prefecture": "長野県",
    "city": "安曇野市",
    "address": "長野県安曇野市穂高牧１８１２番地",
    "postal": "399-8305",
    "lat": 36.32655,
    "lng": 137.844849
  },
  {
    "id": 43,
    "prefecture": "岐阜県",
    "city": "関市",
    "address": "岐阜県関市富之保３９１３番地",
    "postal": "501-3501",
    "lat": 35.608711,
    "lng": 136.996185
  },
  {
    "id": 44,
    "prefecture": "岐阜県",
    "city": "岐阜市",
    "address": "岐阜県岐阜市御望６１８番地",
    "postal": "501-1171",
    "lat": 35.474068,
    "lng": 136.708481
  },
  {
    "id": 45,
    "prefecture": "静岡県",
    "city": "静岡市駿河区",
    "address": "静岡県静岡市駿河区小坂１３３６番地",
    "postal": "421-0135",
    "lat": 34.92712,
    "lng": 138.344452
  },
  {
    "id": 46,
    "prefecture": "静岡県",
    "city": "袋井市",
    "address": "静岡県袋井市高尾７１７番地",
    "postal": "437-0023",
    "lat": 34.73917,
    "lng": 137.933044
  },
  {
    "id": 47,
    "prefecture": "愛知県",
    "city": "豊川市",
    "address": "愛知県豊川市久保町上見堂６番地",
    "postal": "442-0856",
    "lat": 34.834789,
    "lng": 137.331573
  },
  {
    "id": 48,
    "prefecture": "三重県",
    "city": "津市",
    "address": "三重県津市河芸町一色１３３９番地",
    "postal": "510-0306",
    "lat": 34.779812,
    "lng": 136.542786
  },
  {
    "id": 49,
    "prefecture": "滋賀県",
    "city": "彦根市",
    "address": "滋賀県彦根市開出今町１０８番地",
    "postal": "522-0056",
    "lat": 35.247932,
    "lng": 136.228745
  },
  {
    "id": 50,
    "prefecture": "京都府",
    "city": "京都市伏見区",
    "address": "京都府京都市伏見区久我本町５番地の１３",
    "postal": "612-8492",
    "lat": 34.944794,
    "lng": 135.731369
  },
  {
    "id": 51,
    "prefecture": "京都府",
    "city": "京都市左京区",
    "address": "京都府京都市左京区岡崎法勝寺町１３０番地",
    "postal": "606-8333",
    "lat": 35.013699,
    "lng": 135.787628
  },
  {
    "id": 52,
    "prefecture": "京都府",
    "city": "亀岡市",
    "address": "京都府亀岡市西別院町万願寺前垣内３０番地",
    "postal": "621-0122",
    "lat": 34.94381,
    "lng": 135.524841
  },
  {
    "id": 53,
    "prefecture": "京都府",
    "city": "久世郡久御山町",
    "address": "京都府久世郡久御山町林中垣内２７番地",
    "postal": "613-0033",
    "lat": 34.876442,
    "lng": 135.7603
  },
  {
    "id": 54,
    "prefecture": "大阪府",
    "city": "大阪市平野区",
    "address": "大阪府大阪市平野区平野宮町１丁目９番１４号",
    "postal": "547-0046",
    "lat": 34.627674,
    "lng": 135.554871
  },
  {
    "id": 55,
    "prefecture": "大阪府",
    "city": "岸和田市",
    "address": "大阪府岸和田市小松里町６０１番地",
    "postal": "596-0821",
    "lat": 34.460003,
    "lng": 135.40271
  },
  {
    "id": 56,
    "prefecture": "兵庫県",
    "city": "宍粟市",
    "address": "兵庫県宍粟市波賀町安賀１０７番地",
    "postal": "671-4241",
    "lat": 35.152134,
    "lng": 134.540497
  },
  {
    "id": 57,
    "prefecture": "兵庫県",
    "city": "豊岡市",
    "address": "兵庫県豊岡市竹野町坊岡２９３番地",
    "postal": "669-6331",
    "lat": 35.597824,
    "lng": 134.727448
  },
  {
    "id": 58,
    "prefecture": "兵庫県",
    "city": "姫路市",
    "address": "兵庫県姫路市夢前町新庄９８３番地",
    "postal": "671-2102",
    "lat": 34.995903,
    "lng": 134.680222
  },
  {
    "id": 59,
    "prefecture": "兵庫県",
    "city": "三木市",
    "address": "兵庫県三木市志染町三津田２０番地",
    "postal": "673-0515",
    "lat": 34.787354,
    "lng": 135.06163
  },
  {
    "id": 60,
    "prefecture": "兵庫県",
    "city": "川西市",
    "address": "兵庫県川西市満願寺町７番１号",
    "postal": "665-0891",
    "lat": 34.838127,
    "lng": 135.393906
  },
  {
    "id": 61,
    "prefecture": "兵庫県",
    "city": "美方郡新温泉町",
    "address": "兵庫県美方郡新温泉町浜坂１０３０番地の２",
    "postal": "669-6702",
    "lat": 35.617783,
    "lng": 134.448288
  },
  {
    "id": 62,
    "prefecture": "奈良県",
    "city": "五條市",
    "address": "奈良県五條市霊安寺町２１１０番地",
    "postal": "637-0035",
    "lat": 34.335388,
    "lng": 135.698929
  },
  {
    "id": 63,
    "prefecture": "奈良県",
    "city": "御所市",
    "address": "奈良県御所市大字玉手６７７番地",
    "postal": "639-2247",
    "lat": 34.454029,
    "lng": 135.752106
  },
  {
    "id": 64,
    "prefecture": "和歌山県",
    "city": "和歌山市",
    "address": "和歌山県和歌山市寺内４５８番地",
    "postal": "640-8311",
    "lat": 34.215466,
    "lng": 135.221237
  },
  {
    "id": 65,
    "prefecture": "島根県",
    "city": "松江市",
    "address": "島根県松江市西浜佐陀町８７９番地",
    "postal": "690-0122",
    "lat": 35.473248,
    "lng": 133.015564
  },
  {
    "id": 66,
    "prefecture": "島根県",
    "city": "出雲市",
    "address": "島根県出雲市矢野町２５２番地",
    "postal": "693-0058",
    "lat": 35.377502,
    "lng": 132.741409
  },
  {
    "id": 67,
    "prefecture": "岡山県",
    "city": "岡山市北区",
    "address": "岡山県岡山市北区大井１９３９番地",
    "postal": "701-1462",
    "lat": 34.742893,
    "lng": 133.805313
  },
  {
    "id": 68,
    "prefecture": "岡山県",
    "city": "高梁市",
    "address": "岡山県高梁市松原町春木７７２番地",
    "postal": "716-0067",
    "lat": 34.831501,
    "lng": 133.562119
  },
  {
    "id": 69,
    "prefecture": "広島県",
    "city": "尾道市",
    "address": "広島県尾道市御調町菅５７５番地",
    "postal": "722-0334",
    "lat": 34.513222,
    "lng": 133.182831
  },
  {
    "id": 70,
    "prefecture": "山口県",
    "city": "光市",
    "address": "山口県光市大字浅江９９番地",
    "postal": "743-0021",
    "lat": 33.997002,
    "lng": 131.923096
  },
  {
    "id": 71,
    "prefecture": "山口県",
    "city": "防府市",
    "address": "山口県防府市迫戸町１１番１号",
    "postal": "747-0031",
    "lat": 34.062916,
    "lng": 131.572479
  },
  {
    "id": 72,
    "prefecture": "香川県",
    "city": "観音寺市",
    "address": "香川県観音寺市豊浜町姫浜１３７６番地",
    "postal": "769-1601",
    "lat": 34.078896,
    "lng": 133.640396
  },
  {
    "id": 73,
    "prefecture": "愛媛県",
    "city": "今治市",
    "address": "愛媛県今治市朝倉下甲１４５番地",
    "postal": "799-1603",
    "lat": 33.998325,
    "lng": 133.018509
  },
  {
    "id": 74,
    "prefecture": "愛媛県",
    "city": "宇和島市",
    "address": "愛媛県宇和島市津島町岩渕甲１６５７番地",
    "postal": "798-3311",
    "lat": 33.13649,
    "lng": 132.554901
  },
  {
    "id": 75,
    "prefecture": "福岡県",
    "city": "みやま市",
    "address": "福岡県みやま市高田町竹飯１２８３番地",
    "postal": "835-0135",
    "lat": 33.120438,
    "lng": 130.49649
  },
  {
    "id": 76,
    "prefecture": "佐賀県",
    "city": "杵島郡白石町",
    "address": "佐賀県杵島郡白石町大字横手１０１番地",
    "postal": "849-1116",
    "lat": 33.160236,
    "lng": 130.136017
  },
  {
    "id": 77,
    "prefecture": "熊本県",
    "city": "阿蘇郡南小国町",
    "address": "熊本県阿蘇郡南小国町大字満願寺２２９２番地",
    "postal": "869-2402",
    "lat": 33.07019,
    "lng": 131.141968
  }
]